rank,name,revenues,revenue_percent_change,profits,profits_percent_change,assets,market_value,change_in_rank,employees
1,Walmart,572754,0.02,13673,0.01,244860,409795,0,2300000
2,Amazon,469822,0.22,33364,0.56,420549,1658807,0,1608000
3,Apple,365817,0.33,94680,0.65,351002,2849538,0,154000
4,CVS Health,292111,0.09,7910,0.10,232999,132839,0,258000
5,UnitedHealth Group,287597,0.12,17285,0.12,212206,479830,0,350000
6,Exxon Mobil,285640,0.57,23040,0.00,338923,349652,4,63000
7,Berkshire Hathaway,276094,0.13,89795,1.11,958784,779542,1,372000
8,Alphabet,257637,0.41,76033,0.89,359268,1842326,1,156500
9,McKesson,238228,0.03,4539,6.04,65015,45858,2,67500
10,AmerisourceBergen,213989,0.13,1540,0.00,57338,32356,2,40000
11,Costco Wholesale,195929,0.18,5007,0.25,59268,255231,1,288000
12,Cigna,174078,0.09,5365,0.37,154889,76286,1,72963
13,AT&T,168864,0.02,20081,0.00,551622,169262,2,202600
14,Microsoft,168088,0.18,61271,0.38,333779,2311359,1,181000
15,Cardinal Health,162467,0.06,611,0.00,44453,15709,1,46827
16,Chevron,162465,0.72,15625,0.00,239535,317120,11,42595
17,Home Depot,151157,0.14,16433,0.28,71876,309313,1,490600
18,Walgreens Boots Alliance,148579,0.07,2542,4.58,81285,38671,2,258500
19,Marathon Petroleum,141032,0.59,9738,0.00,85373,47758,13,17700
20,Elevance Health,138639,0.14,6104,0.34,97460,118534,3,98200
21,Kroger,137888,0.04,1655,0.36,49086,41496,4,420000
22,Ford Motor,136341,0.07,17937,0.00,257035,67958,1,183000
23,Verizon Communications,133613,0.04,22065,0.24,366596,213837,3,118400
24,JPMorgan Chase,127202,0.02,48334,0.66,3743567,402527,5,271025
25,General Motors,127004,0.04,10019,0.56,244718,63555,3,157000
26,Centene,125982,0.13,1347,0.26,78375,49072,2,72500
27,Meta Platforms,117929,0.37,39370,0.35,165987,605251,7,71970
28,Comcast,116385,0.12,14159,0.34,275905,212246,2,189000
29,Phillips 66,114852,0.75,1317,0.00,55594,41561,19,14000
30,Valero Energy,108332,0.80,930,0.00,57888,41572,23,9804
31,Dell Technologies,106995,0.14,5563,0.71,92735,38164,3,133000
32,Target,106005,0.13,6946,0.59,53811,98134,2,450000
33,Fannie Mae,101543,0.05,22176,0.88,4229166,909,8,7400
34,UPS,97287,0.15,12890,8.60,69405,186817,1,400945
35,Lowe's,96250,0.07,8442,0.45,44640,133761,4,270000
36,Bank of America,93851,0.00,31978,0.79,3169495,332433,7,208248
37,Johnson & Johnson,93775,0.14,20878,0.42,182018,466047,1,141700
38,Archer Daniels Midland,85249,0.33,2709,0.53,56136,50769,13,39979
39,FedEx,83959,0.21,5231,3.07,82777,59971,6,484000
40,Humana,83064,0.08,2933,0.13,44358,55155,1,95500
41,Wells Fargo,82407,0.03,21548,5.53,1948068,184225,4,247848
42,State Farm Insurance,82225,0.04,1281,0.66,325349,0,3,53586
43,Pfizer,81288,0.94,21979,1.29,181476,292385,34,79000
44,Citigroup,79865,0.10,21952,0.99,2291413,105330,11,221768
45,PepsiCo,79474,0.13,7618,0.07,92377,231528,1,309000
46,Intel,79024,0.02,19868,0.05,168406,202636,6,121100
47,Procter & Gamble,76118,0.07,14306,0.10,119307,366272,4,101000
48,General Electric,74196,0.07,6520,2.14,198874,100810,10,168000
49,IBM,72344,0.02,5743,0.03,132001,116928,7,297800
50,MetLife,71080,0.05,6554,0.21,759708,57987,4,43000
51,Prudential Financial,70934,0.24,7724,0.00,937582,44482,4,40916
52,Albertsons,69690,0.12,850,0.82,26598,16064,0,300000
53,Walt Disney,67418,0.03,1995,0.00,203609,249718,3,171000
54,Energy Transfer,67417,0.73,5470,0.00,105963,34497,27,12558
55,Lockheed Martin,67044,0.03,6315,0.08,50873,117648,6,114000
56,Freddie Mac,65898,0.01,12109,0.65,3025586,510,9,7301
57,Goldman Sachs Group,64989,0.22,21635,1.29,1463988,117668,2,43900
58,Raytheon Technologies,64388,0.14,3864,0.00,161404,147641,1,174000
59,HP,63487,0.12,6503,1.29,38610,38237,3,51000
60,Boeing,62286,0.07,4202,0.00,138552,113059,6,142000
61,Morgan Stanley,61121,0.17,15034,0.37,1188140,155686,0,74814
62,HCA Healthcare,58752,0.14,6956,0.85,50742,75692,0,244000
63,AbbVie,56197,0.23,11542,1.50,146529,286332,5,50000
64,Dow,54968,0.43,6311,4.15,62990,46840,18,35700
65,Tesla,53823,0.71,5519,6.66,62131,1113708,35,99290
66,Allstate,53228,0.19,1599,0.71,99440,38554,4,54500
67,AIG,52057,0.19,9388,0.00,596112,50608,5,36600
68,Best Buy,51761,0.10,2454,0.37,17504,20473,2,81375
69,Charter Communications,51682,0.08,4654,0.44,142491,112803,5,93700
70,Sysco,51298,0.03,524,1.43,21414,41433,10,57710
71,Merck,51216,0.07,13049,0.85,105694,207401,6,67500
72,New York Life Insurance,51199,0.10,277,0.00,379985,0,5,14344
73,Caterpillar,50971,0.22,6489,1.16,82793,119407,5,107700
74,Cisco Systems,49818,0.01,10591,0.06,97497,231636,11,79500
75,TJX,48550,0.51,3283,35.29,28462,71195,22,340000
76,Publix Super Markets,48394,0.07,4412,0.11,31524,0,7,232000
77,ConocoPhillips,48349,1.51,8079,0.00,90661,129605,79,9900
78,Liberty Mutual Insurance Group,48200,0.10,3068,3.05,156043,0,7,45000
79,Progressive,47702,0.12,3351,0.41,71132,66670,5,49077
80,Nationwide,47376,0.13,1617,0.00,278412,0,4,24134
81,Tyson Foods,47049,0.09,3047,0.48,36309,32488,8,137000
82,Bristol0Myers Squibb,46385,0.09,6994,0.00,109314,155204,7,32200
83,Nike,44538,0.19,5727,1.26,37740,212779,2,73300
84,Deere,44024,0.24,5963,1.17,84114,127457,4,75550
85,American Express,43663,0.14,8060,1.57,188548,141613,2,64000
86,Abbott Laboratories,43075,0.25,7071,0.57,75196,208726,3,113000
87,StoneX Group,42534,0.21,116,0.31,18840,1494,29,3242
88,Plains GP Holdings,42078,0.81,60,0.00,29978,2243,39,4100
89,Enterprise Products Partners,40807,0.50,4638,0.23,67526,56172,16,6911
90,TIAA,40526,0.03,4061,6.28,698191,0,11,15065
91,Oracle,40479,0.04,13746,0.36,131107,220737,11,132000
92,Thermo Fisher Scientific,39211,0.22,7725,0.21,95123,231057,3,129000
93,Coca0Cola,38655,0.17,9771,0.26,94354,268770,0,79000
94,General Dynamics,38469,0.01,3257,0.03,50073,67081,10,103100
95,CHS,38448,0.35,554,0.31,17576,0,8,9941
96,USAA,37470,0.03,3300,0.16,210677,0,9,37335
97,Northwestern Mutual,36751,0.09,978,1.30,334654,0,7,7585
98,Nucor,36484,0.81,6828,8.46,25823,39954,51,28800
99,Exelon,36347,0.10,1706,0.13,133013,46684,7,31518
100,Massachusetts Mutual Life Insurance,35900,0.52,319,0.00,383292,0,23,10052
101,Northrop Grumman,35667,0.03,7005,1.20,42579,69812,15,88000
102,3M,35355,0.10,5921,0.10,47072,84738,6,95000
103,Travelers,34816,0.09,3662,0.36,120466,44129,5,30492
104,Arrow Electronics,34477,0.20,1108,0.90,19536,7951,2,20700
105,Honeywell International,34392,0.05,5542,0.16,64470,133381,11,99000
106,Dollar General,34220,0.01,2399,0.10,26327,50953,15,163000
107,Qualcomm,33566,0.43,9043,0.74,41240,172228,17,45000
108,Capital One Financial,32033,0.01,12390,3.57,432381,53260,9,50767
109,TD Synnex,31614,0.28,395,0.25,27666,9854,8,27000
110,Philip Morris International,31405,0.09,9109,0.13,41290,145615,9,69600
111,World Fuel Services,31337,0.54,74,0.33,5942,1716,36,4414
112,Performance Food Group,30399,0.21,41,0.00,7846,7881,2,22885
113,Delta Air Lines,29899,0.75,280,0.00,72459,25322,65,83000
114,American Airlines Group,29882,0.72,1993,0.00,66467,11847,60,123400
115,Netflix,29698,0.19,5116,0.85,44585,166304,0,11300
116,Paramount Global,29579,0.13,4543,0.88,58620,24629,7,25115
117,US Foods Holding,29487,0.29,164,0.00,12521,8392,11,28000
118,Danaher,29453,0.32,6433,0.76,83184,209993,12,79000
119,Jabil,29285,0.07,696,11.91,16654,8857,15,238000
120,Starbucks,29061,0.24,4199,3.52,31393,104643,5,383000
121,Mondelez International,28720,0.08,4300,0.21,67092,87159,13,79000
122,Eli Lilly,28318,0.15,5582,0.10,48806,272724,4,35238
123,Hewlett Packard Enterprise,27784,0.03,3427,0.00,57699,21725,17,60400
124,D.R. Horton,27774,0.37,4176,0.76,24016,26403,24,11788
125,Molina Healthcare,27771,0.43,659,0.02,12209,19573,30,14000
126,CBRE Group,27746,0.17,1837,1.44,22074,30414,4,105000
127,Micron Technology,27705,0.29,5861,1.18,58849,86977,8,43000
128,Broadcom,27450,0.15,6736,1.28,75570,257087,7,20000
129,Gilead Sciences,27305,0.11,6225,49.61,67952,74657,13,14400
130,PBF Energy,27253,0.80,231,0.00,11641,2933,73,3418
131,Lennar,27131,0.21,4430,0.80,33208,23413,2,10753
132,United Natural Foods,26992,0.01,149,0.00,7525,2409,25,28300
133,NRG Energy,26989,1.97,2187,3.29,23182,9289,200,6635
134,Nvidia,26914,0.61,9752,1.25,44187,684879,50,22473
135,Occidental Petroleum,26772,0.61,2322,0.00,75036,53160,48,11678
136,Salesforce,26492,0.25,1444,0.65,95209,210197,1,73541
137,Dollar Tree,26321,0.03,1328,0.01,21722,36051,26,136226
138,KKR,26141,1.72,4667,1.33,264285,51543,178,3238
139,Kraft Heinz,26042,0.01,1012,1.84,93394,48249,29,36000
140,Amgen,25979,0.02,5893,0.19,61165,134701,28,24200
141,AutoNation,25844,0.27,1373,2.60,8944,6111,4,22200
142,Penske Automotive Group,25555,0.25,1188,1.19,13465,7197,1,24797
143,PayPal Holdings,25371,0.18,4169,0.01,75803,134733,9,30900
144,Macy's,25292,0.40,1430,0.00,17590,7123,20,88857
145,Duke Energy,24677,0.05,3908,1.84,169587,85967,19,27605
146,United Airlines Holdings,24634,0.60,1964,0.00,68175,15050,54,84100
147,Visa,24105,0.10,12311,0.13,82896,480023,14,21500
148,Rite Aid,24043,0.10,91,0.00,9335,488,16,50000
149,Cummins,24021,0.21,2131,0.19,23710,29141,1,59900
150,U.S. Bancorp,23714,0.06,7963,0.61,573284,78930,37,68796
151,Paccar,23522,0.26,1852,0.43,29302,30620,8,28500
152,McDonald's,23223,0.21,7545,0.60,53854,183874,5,200000
153,Southern,23113,0.13,2393,0.23,127534,76877,7,27164
154,C.H. Robinson Worldwide,23102,0.43,844,0.67,7028,13856,37,16877
155,Truist Financial,23064,0.06,6440,0.44,541241,75354,36,51462
156,Applied Materials,23063,0.34,5888,0.63,25825,116431,20,27000
157,Freeport0McMoRan,22845,0.61,4306,6.19,48022,72361,58,24700
158,Lithia Motors,22832,0.74,1060,1.25,11147,8910,73,21150
159,Blackstone,22577,2.70,5857,4.60,41196,88907,295,3795
160,Hartford Financial Services Group,22390,0.09,2365,0.36,76578,23816,18,18100
161,Aflac,22106,0.00,4325,0.10,157542,41813,30,12447
162,Whirlpool,21985,0.13,1783,0.65,20285,10101,8,69000
163,Union Pacific,21804,0.12,6523,0.22,63525,171682,10,32124
164,International Paper,21780,0.06,1752,2.64,25243,17301,23,38200
165,Altria Group,21111,0.01,2475,0.45,39523,94952,27,6000
166,CDW,20821,0.13,989,0.25,13199,24140,5,13900
167,ManpowerGroup,20724,0.15,382,15.07,9829,5026,2,30000
168,PG&E,20642,0.12,102,0.00,103327,29434,8,26000
169,Carrier Global,20613,0.18,1664,0.16,26172,39127,2,58000
170,Baker Hughes,20502,0.01,219,0.00,35308,37410,30,54000
171,Cleveland0Cliffs,20444,2.82,2988,0.00,18975,16891,330,26000
172,United States Steel,20275,1.08,4174,0.00,17816,9832,138,24540
173,Becton Dickinson,20248,0.18,2092,1.39,53866,75749,4,75000
174,CarMax,20092,0.06,747,0.16,21542,15599,38,26889
175,Sherwin0Williams,19945,0.09,1864,0.08,20667,65038,13,61626
176,Builders FirstSource,19894,1.32,1725,4.50,10714,11409,174,28000
177,Marsh & McLennan,19820,0.15,3143,0.56,34388,85681,2,83000
178,PNC Financial Services Group,19698,0.18,5674,0.25,557191,77203,58,58547
179,Lumen Technologies,19687,0.05,2033,0.00,57993,11533,40,36000
180,Avnet,19535,0.11,193,0.00,8925,4017,12,14500
181,Tenet Healthcare,19485,0.11,914,1.29,27579,9388,14,88968
182,Kimberly0Clark,19440,0.02,1814,0.23,17837,41496,24,45000
183,Kohl's,19433,0.22,938,0.00,15054,7775,12,67000
184,BlackRock,19374,0.20,5901,0.20,152648,116186,8,18400
185,Jones Lang LaSalle,19367,0.17,962,1.39,15505,11946,1,98200
186,Lear,19263,0.13,374,1.36,13352,8513,7,160100
187,Lincoln National,19230,0.10,1405,1.82,387301,11272,15,10848
188,Charles Schwab,18996,0.57,5855,0.78,667270,159676,63,33400
189,Ross Stores,18916,0.51,1723,19.18,13640,31742,53,100000
190,Mastercard,18884,0.23,8687,0.36,37669,349331,11,24000
191,Genuine Parts,18871,0.09,899,0.00,14352,17888,18,52000
192,WestRock,18746,0.07,838,0.00,29254,12379,22,49900
193,EOG Resources,18642,0.69,4664,0.00,38236,69796,92,2800
194,Cognizant Technology Solutions,18507,0.11,2137,0.54,17852,47035,9,330600
195,Moderna,18471,21.99,12202,0.00,24669,69424,0,2700
196,Steel Dynamics,18409,0.92,3214,4.84,12531,15812,123,10640
197,HF Sinclair,18389,0.64,558,0.00,12917,8896,82,4208
198,Texas Instruments,18344,0.27,7769,0.39,24676,169330,12,31000
199,Emerson Electric,18236,0.09,2303,0.17,24715,58242,18,86700
200,WESCO International,18218,0.48,465,3.63,12618,6599,45,18000
201,General Mills,18127,0.03,2340,0.07,31842,40782,32,35000
202,Tenneco,18035,0.17,35,0.00,11622,1523,3,71000
203,Waste Management,17931,0.18,1816,0.21,29097,65803,1,48500
204,Viatris,17886,0.50,1269,0.00,54843,13160,50,37000
205,DISH Network,17881,0.15,2411,0.37,48002,16743,8,14500
206,L3Harris Technologies,17814,0.02,1846,0.65,34709,47970,43,47000
207,DXC Technology,17729,0.09,149,0.00,22038,7977,55,134000
208,Block,17661,0.86,166,0.22,13926,78656,115,8521
209,Goodyear Tire & Rubber,17478,0.42,764,0.00,21402,4029,37,72000
210,Uber Technologies,17455,0.57,496,0.00,38774,69753,71,29300
211,Colgate0Palmolive,17421,0.06,2166,0.20,15040,63742,23,33800
212,Stanley Black & Decker,17253,0.19,1689,0.37,28180,22843,3,71300
213,DuPont,17160,0.16,6467,0.00,45707,37740,69,28000
214,Stryker,17108,0.19,1994,0.25,34631,100978,2,46000
215,NextEra Energy,17069,0.05,3573,0.22,140912,166264,49,15000
216,Targa Resources,16950,1.05,71,0.00,15208,17244,148,2430
217,Western Digital,16922,0.01,821,0.00,26132,15536,35,65600
218,PPG Industries,16802,0.22,1439,0.36,21351,30952,2,49300
219,American Electric Power,16792,0.13,2488,0.13,87669,50339,15,16688
220,Gap,16670,0.21,256,0.00,12761,5207,1,97000
221,BJ's Wholesale Club,16667,0.08,427,0.01,5669,9147,23,34000
222,Reinsurance Group of America,16658,0.14,617,0.49,92175,7355,15,3500
223,Kinder Morgan,16610,0.42,1784,13.99,70416,42878,39,10529
224,Oneok,16540,0.94,1500,1.45,23622,31516,127,2847
225,Expeditors Intl. of Washington,16524,0.72,1416,1.03,7610,17269,74,19070
226,Advanced Micro Devices,16434,0.68,3162,0.27,12419,177936,83,15500
227,Fiserv,16226,0.09,1334,0.39,76249,66133,22,44000
228,Est√©e Lauder,16215,0.13,2870,3.20,21971,97672,15,53320
229,Bank of New York Mellon,16158,0.05,3759,0.04,444438,40057,49,49100
230,Laboratory Corp. of America,16121,0.15,2377,0.53,20385,24626,12,71725
231,Regeneron Pharmaceuticals,16072,0.89,8075,1.30,25435,75806,123,10368
232,Land O'Lakes,15916,0.14,287,0.09,9560,0,13,9000
233,Cheniere Energy,15864,0.70,2343,0.00,39258,35272,95,1550
234,Southwest Airlines,15790,0.75,977,0.00,36320,27129,102,55093
235,Adobe,15785,0.23,4822,0.08,27241,215281,1,25988
236,Synchrony Financial,15752,0.04,4221,2.05,95748,18146,49,18000
237,Corteva,15655,0.10,1759,1.58,42344,41775,23,21000
238,Fidelity National Financial,15643,0.45,2422,0.70,60690,13850,50,28290
239,DTE Energy,15369,0.26,907,0.34,39719,25615,11,10300
240,Murphy USA,15319,0.61,397,0.03,4048,4889,82,10430
241,Halliburton,15295,0.06,1457,0.00,22321,34029,30,40000
242,Automatic Data Processing,15005,0.03,2599,0.05,48773,95577,34,56000
243,Edison International,14905,0.10,759,0.03,74745,26694,17,13003
244,BorgWarner,14838,0.46,537,0.07,16575,9335,51,49300
245,Nordstrom,14789,0.38,178,0.00,8869,4321,44,72000
246,Loews,14657,0.17,1578,0.00,81626,15971,7,10340
247,Guardian Life Ins. Co. of America,14648,0.08,289,11.29,90420,0,20,9150
248,Pioneer Natural Resources,14643,1.19,2118,0.00,36811,60728,180,1932
249,AutoZone,14630,0.16,2170,0.25,14516,40583,11,85050
250,Lam Research,14626,0.46,3909,0.74,15892,74997,54,14100
251,American Family Insurance Group,14612,0.12,735,0.82,36316,0,19,13590
252,Illinois Tool Works,14455,0.15,2694,0.28,16077,65312,12,45000
253,Parker0Hannifin,14348,0.05,1746,0.45,20341,36457,30,54640
254,Otis Worldwide,14298,0.12,1246,0.38,12279,32701,18,70000
255,Omnicom Group,14289,0.09,1408,0.49,28422,17566,26,71700
256,Principal Financial,14263,0.03,1711,0.23,304657,19177,50,18600
257,Dominion Energy,14218,0.12,3288,0.00,99590,68883,64,17100
258,Kellogg,14181,0.03,1488,0.19,18178,21890,36,31000
259,Fluor,14157,0.11,440,0.00,7280,4052,63,40582
260,AECOM,14112,0.14,173,0.00,11734,10857,71,51000
261,Reliance Steel & Aluminum,14093,0.60,1413,2.83,9536,11314,82,13950
262,Jacobs Engineering Group,14093,0.04,477,0.03,14633,17807,37,53500
263,Corning,14082,0.25,1906,2.72,30154,31213,14,61200
264,Farmers Insurance Exchange,14055,0.18,367,0.00,21741,0,8,11787
265,Qurate Retail,14044,0.01,340,0.72,16249,1807,49,26745
266,Pacific Life,13936,0.39,1102,0.00,209486,0,37,3861
267,PulteGroup,13927,0.26,1946,0.38,13353,10116,17,6182
268,Fidelity National Information Services,13877,0.11,417,1.64,82931,61215,27,65000
269,IQVIA Holdings,13874,0.22,966,2.46,24689,44141,6,79000
270,Marriott International,13857,0.31,1099,0.00,25553,57515,23,120000
271,Berry Global Group,13850,0.18,733,0.31,17882,7832,10,47000
272,Ball,13811,0.17,878,0.50,19714,28909,12,24300
273,Group 1 Automotive,13802,0.27,552,0.93,5749,2860,13,13711
274,Leidos Holdings,13737,0.12,753,0.20,13261,14728,26,43000
275,Wayfair,13708,0.03,131,1.71,4570,11642,58,16681
276,Consolidated Edison,13676,0.12,1346,0.22,63116,33525,27,13871
277,Ameriprise Financial,13443,0.12,2760,0.80,175979,33213,24,12000
278,Xcel Energy,13431,0.17,1597,0.08,57851,39276,6,11321
279,O'Reilly Automotive,13328,0.15,2165,0.24,11719,45410,11,76158
280,Global Partners,13248,0.59,61,0.41,2831,927,81,2960
281,Discover Financial Services,13221,0.02,5449,3.78,110242,31077,48,16700
282,Rocket Companies,13176,0.18,308,0.56,32775,21906,88,26000
283,LKQ,13089,0.13,1091,0.71,12606,12941,17,46000
284,W.W. Grainger,13022,0.10,1043,0.50,6592,26358,26,23450
285,Quanta Services,12980,0.16,486,0.09,12855,18780,7,43700
286,Crown Holdings,12979,0.12,560,1.97,13858,15461,17,26000
287,Fox,12909,0.05,2150,1.15,22926,21423,40,9000
288,Sempra,12857,0.08,1317,0.67,72045,53088,33,15390
289,Markel,12846,0.32,2425,1.97,48449,20038,22,20300
290,Carvana,12814,1.29,135,0.00,7015,19550,193,21000
291,XPO Logistics,12806,0.21,336,2.06,8707,8357,101,44700
292,Baxter International,12784,0.10,1284,0.17,33521,39018,28,60000
293,Ecolab,12733,0.00,1130,0.00,21206,50548,56,47000
294,Tractor Supply,12731,0.20,997,0.33,7768,26172,3,34000
295,Andersons,12729,0.55,104,12.49,4569,1708,71,2334
296,Keurig Dr Pepper,12683,0.09,2146,0.62,50598,53748,29,27500
297,Universal Health Services,12642,0.09,992,0.05,13094,10843,27,78850
298,CSX,12522,0.18,3781,0.37,40531,81588,6,20919
299,Henry Schein,12401,0.23,631,0.56,8481,11960,1,21600
300,Sonic Automotive,12396,0.27,349,0.00,4975,1729,8,10200
301,eBay,12394,0.09,13608,1.40,26626,33642,25,10800
302,Textron,12382,0.06,746,1.41,15827,16091,37,33000
303,Jones Financial (Edward Jones),12373,0.22,1605,0.25,32208,0,8,50000
304,Community Health Systems,12368,0.05,230,0.55,15217,1599,45,58500
305,Mosaic,12357,0.42,1631,1.45,22036,24493,41,12525
306,Thor Industries,12317,0.51,660,1.96,6654,4331,62,31000
307,Dick's Sporting Goods,12293,0.28,1520,1.87,9042,7987,13,34300
308,Newmont,12222,0.06,1166,0.59,40564,62968,35,14400
309,Devon Energy,12206,1.40,2813,0.00,21025,39274,211,1600
310,Warner Bros. Discovery,12191,0.14,1006,0.18,34427,12701,20,11000
311,J.B. Hunt Transport Services,12168,0.26,761,0.50,6794,21053,4,33045
312,Alcoa,12152,0.31,429,0.00,15025,16603,18,12200
313,Peter Kiewit Sons',12149,0.03,753,0.09,6238,0,70,28800
314,Aramark,12096,0.06,91,0.00,14376,9656,79,248300
315,Vistra,12077,0.06,1274,3.00,29683,10435,41,5060
316,State Street,12030,0.00,2693,0.11,314624,31892,64,38784
317,Unum Group,12014,0.09,824,0.04,70116,6383,87,10200
318,Alleghany,12004,0.35,1035,9.17,32269,11396,21,13313
319,Boston Scientific,11888,0.20,1041,0.00,32229,63310,14,41000
320,Westlake,11778,0.57,2015,5.11,18459,15785,68,14550
321,Entergy,11743,0.16,1119,0.19,59454,23760,21,12369
322,International Flavors & Fragrances,11656,1.29,270,0.26,39658,33456,200,24000
323,DaVita,11619,0.01,979,0.27,17122,10893,52,69000
324,Mutual of Omaha Insurance,11459,0.03,579,0.17,49853,0,42,5739
325,Assurant,11410,0.13,1372,2.11,33912,10493,23,15600
326,Liberty Media,11400,0.22,398,0.00,44351,15239,0,6886
327,Hormel Foods,11386,0.19,909,0.00,12696,28089,10,20000
328,Icahn Enterprises,11328,0.85,518,0.00,27746,15237,125,19536
329,Republic Services,11295,0.11,1290,0.33,24955,41842,32,35000
330,Mohawk Industries,11201,0.17,1033,1.00,14225,8082,9,43000
331,Conagra Brands,11185,0.01,1299,0.55,22196,16104,48,18600
332,Norfolk Southern,11142,0.14,3005,0.49,38493,68389,25,18100
333,AES,11141,0.15,409,9.89,32963,17172,20,8450
334,AGCO,11138,0.22,897,1.10,9182,10885,3,23300
335,Caesars Entertainment,11110,2.20,1019,0.00,38031,16565,340,49000
336,Equitable Holdings,11036,0.11,439,0.00,292262,12041,92,10000
337,Advance Auto Parts,10998,0.09,616,0.25,12194,12645,36,54500
338,Biogen,10982,0.18,1556,0.61,23877,30950,110,9610
339,Auto0Owners Insurance,10980,0.24,1318,0.59,32487,0,2,6441
340,Booking Holdings,10958,0.61,1165,18.75,23641,96023,84,20199
341,Amphenol,10876,0.27,1591,0.32,14678,45130,8,90000
342,Quest Diagnostics,10788,0.14,1995,0.39,13611,16349,18,44500
343,FirstEnergy,10758,0.03,1283,0.19,45432,26182,49,12395
344,DCP Midstream,10707,0.70,391,0.00,13380,6993,98,1788
345,Ally Financial,10690,0.01,3060,1.82,182114,14412,58,10500
346,Delek US Holdings,10648,0.46,204,0.00,6728,1500,51,3312
347,Williams,10627,0.38,1517,6.19,47612,40670,32,4783
348,Newell Brands,10589,0.13,572,0.00,14179,8902,23,32000
349,Eastman Chemical,10476,0.24,857,0.79,15519,14450,6,14000
350,Air Products & Chemicals,10323,0.17,2099,0.11,26859,55409,10,20750
351,Thrivent Financial for Lutherans,10313,0.27,2530,2.97,116525,0,18,3256
352,Molson Coors Beverage,10280,0.07,1006,0.00,27619,11632,38,16300
353,Interpublic Group,10241,0.13,953,1.71,19909,13966,19,55600
354,Weyerhaeuser,10201,0.35,2607,2.27,17652,28315,33,9214
355,Altice USA,10091,0.02,990,1.27,33215,5674,49,9000
356,Raymond James Financial,9910,0.21,1403,0.72,61891,22818,11,15000
357,EMCOR Group,9904,0.13,384,1.89,5441,5932,13,34000
358,Eversource Energy,9863,0.11,1221,0.01,48492,30403,20,9227
359,Yum China Holdings,9853,0.19,990,0.26,13223,17679,4,298500
360,Asbury Automotive Group,9838,0.38,532,1.09,8003,3715,45,14200
361,Owens & Minor,9785,0.12,222,6.42,3537,3376,16,17300
362,Public Service Enterprise Group,9722,0.01,648,1.34,48999,35146,44,12684
363,United Rentals,9716,0.14,1386,0.56,20292,25643,11,20400
364,MGM Resorts International,9680,0.88,1254,0.00,40899,18258,153,60500
365,Ryder System,9663,0.15,519,0.00,13834,4055,8,42800
366,Intuit,9633,0.25,2062,0.13,15516,135988,14,17350
367,Cincinnati Financial,9630,0.28,2946,1.42,31387,21813,19,5166
368,Erie Insurance Group,9620,0.11,1130,0.04,27297,0,21,5805
369,Univar Solutions,9536,0.15,461,7.71,6778,5460,7,9450
370,Huntington Ingalls Industries,9524,0.02,544,0.22,10627,7991,43,44000
371,W.R. Berkley,9456,0.17,1023,0.93,32086,17659,1,7681
372,Western & Southern Financial Group,9442,0.17,361,0.77,62877,0,2,2538
373,Insight Enterprises,9436,0.13,219,0.27,4689,3745,13,11624
374,News Corp.,9358,0.04,330,0.00,16771,13128,37,24000
375,American Tower,9357,0.16,2568,0.52,69888,114527,0,6378
376,Old Republic International,9342,0.30,1534,1.75,24982,7973,25,9600
377,Burlington Stores,9322,0.62,409,0.00,7090,12113,94,38599
378,Avis Budget Group,9313,0.72,1285,0.00,22600,14157,120,18500
379,ODP,9267,0.05,208,0.00,4865,2222,67,26000
380,VF,9239,0.21,408,0.40,13754,22113,117,33600
381,Bed Bath & Beyond,9233,0.17,151,0.00,6457,2171,101,37600
382,Seaboard,9229,0.30,570,1.01,7503,4882,24,13200
383,First American Financial,9221,0.30,1241,0.78,16451,7087,26,22233
384,Intercontinental Exchange,9168,0.11,4058,0.94,193502,74045,19,8858
385,PVH,9155,0.28,952,0.00,12397,5210,19,25000
386,Apollo Global Management,9124,3.32,1839,10.74,30502,37194,552,2153
387,Jefferies Financial Group,9040,0.30,1674,1.16,60404,7934,32,5556
388,Hershey,8971,0.10,1478,0.16,10412,44462,18,17805
389,NVR,8970,0.19,1237,0.37,5835,15011,6,6600
390,Foot Locker,8958,0.19,893,1.77,8135,2850,5,33244
391,Dana,8945,0.26,197,0.00,7632,2544,17,40200
392,SpartanNash,8931,0.05,74,0.03,2207,1185,63,13300
393,Olin,8911,0.55,1297,0.00,8518,8062,79,7750
394,Chewy,8891,0.24,74,0.00,2086,17147,9,21300
395,Jackson Financial,8848,0.00,3183,0.00,375484,3895,0,3150
396,Activision Blizzard,8803,0.09,2699,0.23,25056,62560,23,9800
397,Toll Brothers,8790,0.24,834,0.87,11538,5515,14,5100
398,Carlyle Group,8782,1.99,2975,7.54,21250,17428,360,1850
399,Graybar Electric,8767,0.21,262,1.15,3069,0,0,8800
400,Ovintiv,8658,0.42,1416,0.00,14055,13988,58,1713
401,UFP Industries,8636,0.68,536,1.17,3245,4791,117,15000
402,Ulta Beauty,8631,0.40,986,4.61,4764,20838,49,28500
403,Constellation Brands,8615,0.03,1998,0.00,27105,43764,44,9300
404,Expedia Group,8598,0.65,12,0.00,21548,30477,111,14800
405,CommScope Holding,8587,0.02,463,0.00,13260,1630,49,30000
406,Celanese,8537,0.51,1890,0.05,11975,15434,71,8529
407,Global Payments,8524,0.15,966,0.65,45280,38546,13,25000
408,Owens Corning,8498,0.21,995,0.00,10015,9065,5,20000
409,Campbell Soup,8476,0.06,1002,0.39,11734,13447,74,14100
410,Huntsman,8453,0.40,1045,0.01,9392,8047,50,9000
411,Franklin Resources,8426,0.51,1831,1.29,24168,14019,73,10300
412,Avery Dennison,8408,0.21,740,0.33,7972,14327,5,36000
413,Masco,8375,0.15,410,0.67,5575,12063,15,20000
414,CenterPoint Energy,8352,0.06,1486,0.00,37679,19286,72,9418
415,Fifth Third Bancorp,8329,0.01,2770,0.94,211116,29511,57,19112
416,WEC Energy Group,8316,0.15,1300,0.08,38989,31484,16,6938
417,S&P Global,8297,0.12,3024,0.29,15026,142344,24,22850
418,FM Global,8275,0.22,2842,0.64,32161,0,5,5560
419,Polaris,8252,0.16,494,2.96,5048,6264,12,16000
420,Williams0Sonoma,8246,0.22,1126,0.66,4626,10376,5,16600
421,Autoliv,8230,0.11,435,1.33,7537,6691,29,58176
422,Arthur J. Gallagher,8209,0.17,907,0.11,33345,36599,6,39000
423,Motorola Solutions,8171,0.10,1245,0.31,12189,40556,28,18700
424,Zillow Group,8147,1.44,528,0.00,10696,12287,268,8005
425,Opendoor Technologies,8021,2.11,662,0.00,9506,5364,394,2816
426,J.M. Smucker,8003,0.03,876,0.12,16284,14686,48,7100
427,Anywhere Real Estate,7983,0.28,343,0.00,7210,1852,18,9748
428,Oshkosh,7953,0.16,409,0.26,6722,6704,6,15000
429,MasTec,7952,0.26,329,0.02,7121,6657,12,27000
430,GXO Logistics,7940,0.00,153,0.00,7271,8193,0,97500
431,APA,7928,0.84,973,0.00,13303,14332,164,2253
432,Boise Cascade,7926,0.45,713,3.07,2573,2740,61,6130
433,Dover,7907,0.18,1124,0.64,10404,22610,4,25000
434,Genworth Financial,7882,0.09,904,4.08,99171,1918,86,2500
435,Bath & Body Works,7882,0.34,1334,0.58,6026,11420,178,32850
436,Booz Allen Hamilton Holding,7859,0.05,609,0.26,5500,11705,45,27700
437,Coinbase Global,7839,5.14,3624,10.24,21274,41670,0,3730
438,Zimmer Biomet Holdings,7836,0.12,402,0.00,23456,26772,24,19500
439,Westinghouse Air Brake Technologies,7822,0.04,558,0.35,18454,17819,55,25000
440,Zoetis,7776,0.17,2037,0.24,13900,89009,9,12100
441,Packaging Corp. of America,7730,0.16,841,0.83,7837,14628,8,15200
442,LPL Financial Holdings,7721,0.32,460,0.03,7992,14609,24,5919
443,T. Rowe Price,7672,0.24,3083,0.30,12509,34443,4,7529
444,Fortune Brands Home & Security,7656,0.26,772,0.40,7936,9831,12,28056
445,Casey's General Stores,7654,0.06,313,0.19,4460,7354,74,27583
446,A0Mark Precious Metals,7613,0.39,160,4.23,1192,891,49,347
447,Hess,7583,0.58,559,0.00,20515,33155,96,1545
448,Vertex Pharmaceuticals,7574,0.22,2342,0.14,13433,66437,0,3900
449,KeyCorp,7561,0.03,2625,0.96,186346,20593,53,16974
450,Chipotle Mexican Grill,7547,0.26,653,0.84,6653,44347,14,97660
451,CMS Energy,7538,0.13,1353,0.79,28753,20292,21,8813
452,Arconic,7504,0.32,397,0.00,6580,2691,24,13900
453,Taylor Morrison Home,7501,0.22,663,1.72,8728,3302,1,3000
454,American Financial Group,7462,0.06,1995,1.73,28931,12368,78,6600
455,UGI,7447,0.14,1467,1.76,16723,7599,19,11300
456,Science Applications International,7394,0.05,277,0.33,5746,5166,44,25090
457,Avantor,7386,0.16,573,3.91,13897,20629,19,13500
458,Hanesbrands,7348,0.10,77,0.00,7071,5191,26,58000
459,Clorox,7341,0.09,710,0.24,6334,17109,32,9000
460,KBR,7339,0.27,18,0.00,6199,7635,10,28000
461,TravelCenters of America,7337,0.51,59,0.00,3509,638,79,16540
462,Hertz Global Holdings,7336,0.40,366,0.00,19783,9509,46,23000
463,Analog Devices,7318,0.31,1390,0.14,52322,86441,18,24700
464,Securian Financial Group,7317,0.07,312,0.28,75169,0,43,6941
465,Darden Restaurants,7196,0.08,629,0.00,10656,16981,88,156883
466,Graphic Packaging Holding,7156,0.09,204,0.22,10457,6154,31,25000
466,NCR,7156,0.15,97,0.00,11641,5475,20,38000
468,Brighthouse Financial,7142,0.16,108,0.00,259840,3959,115,1500
469,PPL,7127,0.06,1480,2.01,33223,21002,87,5607
470,Cintas,7116,0.00,1111,0.27,8237,43567,60,40000
471,Xerox Holdings,7038,0.00,455,3.37,13223,3123,56,23300
472,Rockwell Automation,6997,0.11,1358,0.33,10702,32538,32,24500
473,Citizens Financial Group,6986,0.09,2319,1.19,188409,19136,92,17463
474,KLA,6919,0.19,2078,0.71,10271,55171,6,11425
475,Camping World Holdings,6914,0.27,279,1.28,4373,2665,21,12834
476,Ingredion,6894,0.15,117,0.66,6999,5814,13,12000
477,Veritiv,6851,0.08,145,3.23,2438,2008,38,6100
478,Beacon Roofing Supply,6820,0.02,243,0.00,5549,4176,58,6676
479,Diamondback Energy,6797,1.42,2182,0.00,22898,24320,302,870
480,Victoria's Secret,6785,0.00,646,0.00,4344,4330,0,24000
481,Academy Sports and Outdoors,6773,0.19,671,1.17,4585,3434,6,16508
482,Sanmina,6757,0.03,269,0.93,4207,2569,64,33500
483,ON Semiconductor,6740,0.28,1010,3.31,9626,27079,26,31650
484,Commercial Metals,6730,0.23,413,0.48,4639,5057,8,11089
485,EnLink Midstream,6686,0.72,22,0.00,8483,4671,145,1073
486,Southwestern Energy,6667,1.89,25,0.00,11848,7990,407,938
487,Equinix,6636,0.11,500,0.35,27919,67281,26,10944
488,Dillard's,6624,0.49,863,0.00,3246,4928,97,25350
489,Regions Financial,6605,0.01,2521,1.30,162938,20861,55,19626
490,Yum Brands,6584,0.17,1575,0.74,5966,34253,12,25650
491,Landstar System,6540,0.58,382,0.99,2046,5600,115,1399
492,CF Industries Holdings,6538,0.59,917,1.89,12375,21551,117,3003
493,Northern Trust,6488,0.03,1545,0.28,183890,24215,50,21100
494,Robert Half International,6461,0.27,599,0.96,2952,12638,25,14600
495,Compass,6421,0.73,494,0.00,1801,3359,151,4775
496,Hasbro,6420,0.18,429,0.93,10038,11384,2,6640
497,Roper Technologies,6416,0.16,1153,0.21,23714,49869,9,19300
498,ARKO,6413,0.88,59,3.49,2942,1134,183,11236
499,Frontier Communications,6411,0.10,0,0.00,16481,6763,97,15640
500,Ameren,6394,0.10,990,0.14,35735,24199,31,9116
501,O0I Glass,6357,0.04,149,0.40,8832,2058,46,24000
502,Chemours,6345,0.28,608,1.78,7550,5015,25,6400
503,Crown Castle International,6340,0.09,1096,0.04,39040,79937,36,5000
504,Agilent Technologies,6319,0.18,1210,0.68,10705,39714,2,17000
505,McCormick,6318,0.13,755,0.01,12906,26754,23,14000
506,Skechers U.S.A.,6310,0.37,742,6.52,6491,6360,52,8950
507,Watsco,6280,0.24,419,0.55,3086,11843,17,6875
508,Live Nation Entertainment,6268,2.37,651,0.00,14402,26425,486,16200
509,Lululemon athletica,6257,0.42,975,0.66,4943,46718,78,29000
510,ABM Industries,6229,0.04,126,420.00,4436,3079,48,124000
511,Post Holdings,6227,0.09,167,207.38,12415,4284,37,10735
512,Moody's,6218,0.16,2214,0.25,14680,62548,12,13460
513,Select Medical Holdings,6205,0.12,402,0.55,7360,3209,26,43200
514,Alaska Air Group,6176,0.73,478,0.00,13951,7314,147,21691
515,Big Lots,6151,0.01,178,0.72,3927,988,66,23350
516,Amkor Technology,6138,0.22,643,0.90,6039,5313,9,30400
517,Sinclair Broadcast Group,6134,0.03,414,0.00,12541,2008,52,11500
518,RPM International,6106,0.11,503,0.65,6253,10561,29,15490
519,M&T Bank,6106,0.03,1859,0.37,155107,21875,75,17342
520,Sprouts Farmers Market,6100,0.06,244,0.15,2923,3547,83,31000
521,Huntington Bancshares,6080,0.16,1295,0.59,174064,21123,11,18442
522,CACI International,6044,0.06,457,0.42,6172,7051,49,22000
523,JetBlue Airways,6037,1.04,182,0.00,13642,4787,229,17459
524,SVB Financial Group,6027,0.48,1833,0.52,211478,32901,89,6567
525,Fastenal,6011,0.06,925,0.08,4299,34188,46,18370
526,GameStop,6011,0.18,381,0.00,3499,12717,5,22500
527,Knight0Swift Transportation Holdings,5998,0.28,743,0.81,10656,8386,24,27650
528,Airbnb,5992,0.77,352,0.00,13709,110420,160,6132
529,Patterson,5912,0.08,156,0.00,2752,3160,38,7800
530,Penn National Gaming,5905,0.65,421,0.00,16872,7140,129,21973
531,ServiceNow,5896,0.31,230,0.94,10798,111378,39,16881
532,Nasdaq,5886,0.05,1187,0.27,20115,29298,52,5814
533,Brunswick,5846,0.35,593,0.59,5425,6197,59,18582
534,Resideo Technologies,5846,0.15,242,5.54,5853,3456,11,13300
535,Chesapeake Energy,5809,0.12,0,0.00,11009,11136,22,1300
536,Petco Health and Wellness,5807,0.18,164,0.00,6498,5930,5,28495
537,Kemper,5793,0.11,121,1.29,14917,3606,23,10300
538,Hilton Worldwide Holdings,5788,0.34,410,0.00,15441,42357,58,142000
539,Cerner,5765,0.05,556,0.29,7434,27492,49,25150
540,Levi Strauss,5764,0.30,554,0.00,5900,7875,40,16600
541,Tapestry,5746,0.16,834,0.00,8382,9807,13,14250
542,NetApp,5744,0.06,730,0.11,9360,18471,45,11000
543,KB Home,5725,0.37,565,0.91,5836,2858,60,2244
544,Continental Resources,5719,1.21,1661,0.00,18591,22342,274,1254
545,Intuitive Surgical,5710,0.31,1705,0.61,13555,108362,46,9793
546,Under Armour,5684,0.27,360,0.00,4991,7712,32,12300
547,MDU Resources Group,5681,0.03,378,0.03,8910,5419,61,12826
548,Silgan Holdings,5677,0.15,359,0.16,7771,5104,18,15720
549,Ryerson Holding,5675,0.64,294,0.00,2366,1345,127,4000
550,Ingersoll Rand,5655,0.15,563,0.00,15155,20541,17,16000
551,Hologic,5632,0.49,1872,0.68,8920,19305,90,6705
552,Electronic Arts,5629,0.02,837,0.73,13288,35577,67,11000
553,Zebra Technologies,5627,0.27,837,0.66,6215,21959,28,9800
554,Coty,5616,0.17,201,0.00,13691,7541,128,11430
555,Schneider National,5609,0.23,405,0.92,3937,4552,10,17050
556,Sonoco Products,5590,0.07,86,1.41,5073,6099,45,20500
557,Concentrix,5587,0.00,406,0.00,5046,8605,0,290000
558,Evergy,5587,0.14,880,0.42,28521,15513,26,4930
559,Cornerstone Building Brands,5583,0.21,666,0.00,5828,3089,2,21700
560,Coca0Cola Consolidated,5563,0.11,190,0.10,3446,4657,34,15050
561,Greif,5556,0.23,391,2.59,5816,3134,11,16000
562,Vulcan Materials,5552,0.14,671,0.15,13683,24413,23,11912
563,Ametek,5547,0.22,990,0.14,11898,30787,3,18500
564,Monster Beverage,5541,0.21,1378,0.02,7805,42296,2,3775
565,Sealed Air,5534,0.13,507,0.01,6229,9921,31,16500
566,NOV,5524,0.09,250,0.00,9550,7700,109,27043
567,Las Vegas Sands,5505,0.52,961,0.00,20059,29696,87,44600
568,Martin Marietta Materials,5493,0.16,703,0.03,14393,24015,22,10000
569,Marathon Oil,5467,0.77,946,0.00,16994,18350,164,1531
570,Mattel,5458,0.19,903,6.13,6394,7823,7,36300
571,Microchip Technology,5438,0.03,349,0.39,16479,41777,66,19500
572,Harley0Davidson,5336,0.32,650,499.79,11051,6063,42,5800
573,Telephone & Data Systems,5329,0.02,156,0.31,13493,2163,61,8800
574,ADT,5307,0.00,341,0.00,16894,6843,70,25000
575,First Republic Bank,5305,0.18,1478,0.39,181087,29114,1,6295
576,Warner Music Group,5301,0.19,304,0.00,7211,19486,3,5900
577,Pool,5296,0.35,651,0.77,3230,16967,47,5650
578,Old Dominion Freight Line,5256,0.31,1034,0.54,4822,34308,41,23663
579,Fortive,5255,0.13,608,0.62,16466,21878,23,18000
580,MDC Holdings,5255,0.35,574,0.56,4964,2693,49,2080
581,NGL Energy Partners,5243,0.74,640,0.00,5947,289,430,997
582,Edwards Lifesciences,5233,0.19,1503,0.83,8503,73141,7,15700
583,Hanover Insurance Group,5228,0.08,419,0.17,14254,5318,41,4400
584,Syneos Health,5213,0.18,235,0.22,8237,8437,2,27443
585,Xylem,5195,0.07,427,0.68,8276,15355,47,16700
586,Church & Dwight,5190,0.06,828,0.05,7997,24119,51,5100
587,American Axle & Manufacturing,5157,0.10,6,0.00,5636,888,40,18000
588,Meritage Homes,5141,0.14,737,0.74,4808,2907,11,1773
589,Workday,5139,0.19,29,0.00,10499,60583,5,15200
590,Rush Enterprises,5126,0.08,241,1.10,3120,2789,45,7141
591,Yellow,5122,0.14,109,0.00,2426,360,18,32000
592,Encompass Health,5122,0.10,412,0.45,6865,7071,38,35681
593,Simon Property Group,5117,0.11,2250,1.02,33777,43198,33,2850
594,Globe Life,5113,0.08,745,0.02,29768,9977,50,3222
595,Skyworks Solutions,5109,0.52,1498,0.84,8591,21548,95,10945
596,Endeavor Group Holdings,5078,0.46,297,0.00,11435,20363,78,7700
597,Twitter,5078,0.37,221,0.00,14060,30977,50,7500
598,Leggett & Platt,5073,0.19,402,0.63,5307,4659,0,20300
599,Western Union,5071,0.05,806,0.08,8824,7375,58,10500
600,PerkinElmer,5067,0.34,943,0.30,15001,22009,39,16700
601,SS&C Technologies Holdings,5051,0.08,800,0.28,17333,19235,49,24900
602,CUNA Mutual Group,5050,0.25,622,3.28,44345,0,13,4100
603,FMC,5045,0.09,737,0.34,10581,16564,48,6400
604,Carlisle,5030,0.19,422,0.32,7247,12805,5,11250
605,American Eagle Outfitters,5011,0.33,420,0.00,3787,2837,37,24000
606,Core & Main,5004,0.37,166,3.49,4434,5949,0,4100
607,Vertiv Holdings,4998,0.14,120,0.00,6940,5264,17,24000
608,Broadridge Financial Solutions,4994,0.10,548,0.18,8120,18183,40,13704
609,Ingles Markets,4988,0.08,250,0.40,2018,1691,50,18460
610,TPG,4976,1.35,2181,1.98,8962,9305,0,1013
611,Insperity,4973,0.16,124,0.10,1753,3850,14,3600
612,Howmet Aerospace,4972,0.06,258,0.01,10219,15055,105,19900
613,R.R. Donnelley & Sons,4964,0.08,4,0.96,3131,0,114,32000
614,Keysight Technologies,4941,0.17,894,0.43,7781,28747,13,14300
615,Tempur Sealy International,4931,0.34,625,0.79,4323,4998,37,12000
616,Scotts Miracle0Gro,4925,0.19,513,0.32,4800,6835,9,8050
617,Equifax,4924,0.19,744,0.43,11041,29142,9,12700
618,Kelly Services,4910,0.09,156,0.00,2894,856,47,7400
619,NiSource,4900,0.05,585,0.00,24157,12891,70,7307
620,OneMain Holdings,4895,0.00,1314,0.80,22079,6043,84,8800
621,DoorDash,4888,0.69,468,0.00,6809,40830,148,8600
622,Avient,4819,0.49,231,0.75,4997,4388,80,8700
623,Sanderson Farms,4800,0.35,455,15.10,2345,4185,39,17662
624,TransDigm Group,4798,0.07,680,0.03,19315,36136,108,13300
625,Stifel Financial,4783,0.25,825,0.64,34050,7226,8,8600
626,JELD0WEN Holding,4772,0.13,169,0.84,3739,1826,26,24700
627,Ares Management,4771,1.23,409,1.69,21605,23821,0,2100
628,Elanco Animal Health,4765,0.46,472,0.00,16483,12345,71,9800
629,Prologis,4759,0.07,2940,0.98,58486,119525,45,2053
630,Welltower,4742,0.03,336,0.66,34910,43002,69,464
631,Darling Ingredients,4741,0.33,651,1.19,6134,12987,29,9900
632,Juniper Networks,4735,0.07,253,0.02,8887,11987,50,10191
633,Gartner,4734,0.16,794,1.98,7416,24477,21,16600
634,Par Pacific Holdings,4710,0.51,81,0.00,2570,783,91,1336
635,Hubbell,4704,0.12,400,0.14,5282,9960,33,18300
636,CME Group,4690,0.04,2636,0.25,196780,85492,99,3480
637,Nexstar Media Group,4648,0.03,835,0.03,13265,7728,61,11817
638,Tutor Perini,4642,0.13,92,0.15,4725,552,135,7800
639,Antero Resources,4619,0.32,187,0.00,13897,9608,33,519
640,Teledyne Technologies,4614,0.50,445,0.11,14430,22103,92,14500
641,Snap0on,4602,0.17,821,0.31,6760,10976,18,12800
642,Rent0A0Center,4584,0.63,135,0.35,2993,1487,138,14290
643,Covetrus,4575,0.05,54,0.00,3410,2319,50,4873
644,Crestwood Equity Partners,4569,1.03,79,0.00,4446,2932,260,645
645,Louisiana0Pacific,4553,0.63,1377,1.76,2194,5344,142,4800
646,Urban Outfitters,4549,0.32,311,250.31,3791,2421,32,16330
647,Penn Mutual Life Insurance,4546,0.23,523,0.82,44191,0,2,3194
648,Amerco,4542,0.14,611,0.38,14652,11705,28,22052
649,TriNet Group,4540,0.13,338,0.24,3309,6483,31,2800
650,Sentry Insurance Group,4526,0.26,740,2.67,23881,0,8,4064
651,Illumina,4526,0.40,762,0.16,15217,54856,55,10775
652,Iron Mountain,4492,0.08,450,0.31,14450,16060,47,25000
653,LCI Industries,4473,0.60,288,0.82,3288,2625,131,13900
654,Marvell Technology,4462,0.50,421,0.00,22109,60796,0,6712
655,PennyMac Financial Services,4450,0.02,1004,0.39,18777,2949,88,7208
656,Digital Realty Trust,4428,0.13,1709,3.80,36370,40338,29,3030
657,TreeHouse Foods,4406,0.04,13,1.91,5207,1800,93,10000
658,Ralph Lauren,4401,0.29,121,1.32,7888,8073,208,16200
659,Mattress Firm Group,4393,0.35,165,2.31,3539,0,0,8900
660,American National Group,4392,0.16,699,0.50,31320,5084,24,4545
661,Autodesk,4386,0.16,497,0.59,8607,46580,24,12600
662,Domino's Pizza,4357,0.06,511,0.04,1672,14666,52,10450
663,ASGN,4334,0.10,410,1.05,3503,6022,41,3900
664,Flowers Foods,4331,0.01,206,0.35,3253,5439,76,8900
665,BlueLinx Holdings,4277,0.38,296,2.66,1318,700,62,2045
666,Palo Alto Networks,4256,0.25,499,0.00,10242,61308,16,10473
667,Maximus,4255,0.23,291,0.36,4119,4641,10,35800
668,Dentsply Sirona,4251,0.27,421,0.00,9220,10708,23,15000
669,Hub Group,4232,0.21,172,1.33,2437,2679,2,4700
670,Voya Financial,4230,0.54,2126,0.00,171262,7042,338,5970
670,Bread Financial Holdings,4230,0.06,801,2.75,21746,2805,101,6000
672,Weis Markets,4224,0.03,109,0.09,1911,1921,61,24000
673,Century Communities,4216,0.33,499,1.42,3497,1783,44,1600
674,Synopsys,4204,0.14,758,0.14,8752,51023,23,16361
675,Brink's,4200,0.14,105,5.58,5567,3234,25,73350
676,Lennox International,4194,0.15,464,0.30,2172,9447,23,11000
677,Service Corp. International,4143,0.18,803,0.56,15691,10581,7,20840
678,Conduent,4140,0.01,28,0.00,4036,1112,74,60000
679,Timken,4133,0.18,369,0.30,5171,4540,10,18029
680,Domtar,4132,0.11,27,0.00,4854,0,127,6100
681,Bloomin' Brands,4122,0.30,216,0.00,3294,1967,33,82000
682,CNO Financial Group,4122,0.08,441,0.46,36204,2946,50,3350
683,Snap,4117,0.64,488,0.00,7536,58458,156,5661
684,Zoom Video Communications,4100,0.55,1376,1.05,7551,35066,126,6787
685,Patrick Industries,4078,0.64,225,1.32,2651,1408,159,11000
686,Paychex,4057,0.00,1098,0.00,9227,49268,69,15000
687,Atlas Air Worldwide Holdings,4031,0.26,493,0.37,6443,2523,21,4056
688,Bright Health Group,4029,2.34,1185,0.00,3598,1214,0,3203
689,Peloton Interactive,4022,1.20,189,0.00,4486,8761,0,8662
690,Country Financial,4016,0.65,419,0.47,16327,0,164,3149
691,Qorvo,4015,0.24,734,1.19,7222,13456,14,8750
692,Catalent,3998,0.29,585,1.65,9112,19863,36,17300
693,Mercury General,3993,0.06,248,0.34,6773,3045,55,4300
694,AMN Healthcare Services,3984,0.66,327,3.63,3132,4796,168,3800
695,Tri Pointe Homes,3982,0.22,469,0.66,4336,2160,5,1390
696,ArcBest,3980,0.35,214,2.00,2113,1980,59,14000
697,Toro,3960,0.17,410,0.24,2936,8937,10,10982
698,Spirit AeroSystems Holdings,3953,0.16,541,0.00,7737,5131,14,16100
699,Align Technology,3953,0.60,772,0.57,5942,34355,151,22540
700,loanDepot,3943,0.11,114,0.94,11812,1290,117,11307
701,APi Group,3940,0.10,47,0.00,5159,4891,45,13300
702,American Water Works,3930,0.04,1263,0.78,26075,30086,62,6400
703,Matson,3925,0.65,927,3.80,3693,4928,163,4259
704,Diebold Nixdorf,3905,0.00,79,0.00,3507,531,76,22000
705,Marriott Vacations Worldwide,3890,0.35,49,0.00,9613,6620,64,20300
706,Terex,3887,0.26,221,0.00,2864,2486,29,8600
707,Sally Beauty Holdings,3875,0.10,240,1.12,2847,1721,39,29000
708,Enovis,3854,0.26,72,0.68,8515,6419,29,16200
709,IAC/InterActiveCorp,3845,0.26,598,1.22,12300,9001,31,13200
710,Meritor,3833,0.26,199,0.19,2938,2519,32,9600
711,Ventas,3828,0.01,49,0.89,24718,24676,77,434
712,GoDaddy,3816,0.15,242,0.00,7417,14019,15,6611
713,Regal Rexnord,3810,0.31,210,0.11,10282,10002,50,30000
714,Puget Energy,3806,0.14,261,0.43,15872,0,19,3185
715,Clean Harbors,3806,0.21,203,0.51,5654,6074,6,18300
716,Pinnacle West Capital,3804,0.06,619,0.12,22003,8820,59,5872
717,eXp World Holdings,3771,1.10,81,1.61,414,3149,0,1669
718,Mueller Industries,3769,0.57,469,2.36,1729,3100,143,5337
719,Wynn Resorts,3764,0.80,756,0.00,12531,9243,221,26950
720,RH,3759,0.32,689,1.53,5541,7079,57,6100
721,EPAM Systems,3758,0.41,482,0.47,3523,16871,87,58824
722,M/I Homes,3746,0.23,397,0.65,3240,1262,19,1657
723,Generac Holdings,3737,0.50,551,0.57,4878,18960,122,9248
724,Mettler0Toledo International,3718,0.21,769,0.28,3327,31220,10,16700
725,Abercrombie & Fitch,3713,0.19,263,0.00,2940,1620,1,19250
726,Teradyne,3703,0.19,1015,0.29,3809,19203,0,5900
727,American Equity Investment Life Holding,3690,0.52,474,0.29,78349,3869,130,850
728,Southwest Gas Holdings,3681,0.12,201,0.14,12765,5234,30,12720
729,Pitney Bowes,3674,0.03,1,0.00,4959,900,65,11500
730,Lamb Weston Holdings,3671,0.03,318,0.13,4209,8699,95,7800
731,Alliant Energy,3669,0.07,659,0.07,18553,15671,51,3313
732,Resolute Forest Products,3664,0.31,307,29.70,3538,992,51,6900
733,Parsons,3661,0.07,64,0.35,3831,4012,108,15500
734,Trimble,3659,0.16,493,0.26,7100,18123,14,11931
735,OGE Energy,3654,0.72,737,0.00,12606,8164,198,2185
736,Garrett Motion,3633,0.20,0,0.00,2706,464,7,7600
737,Winnebago Industries,3630,0.54,282,3.59,2063,1771,140,6532
738,Ciena,3621,0.03,500,0.38,4865,9223,72,7205
739,PriceSmart,3620,0.09,98,0.25,1706,2434,45,10400
740,Advantage Solutions,3602,0.14,55,0.00,5854,2030,22,45000
741,H&R Block,3589,0.36,684,0.00,4014,4285,70,38000
742,iHeartMedia,3558,0.21,159,0.00,8881,2728,11,9990
743,Super Micro Computer,3557,0.07,112,0.33,2242,1963,50,4155
744,Flowserve,3541,0.05,126,0.03,4750,4681,101,16000
745,Charles River Laboratories International,3540,0.21,391,0.07,7024,14425,15,19300
746,A.O. Smith,3539,0.22,487,0.41,3474,10032,21,13700
747,New Residential Investment,3533,5.13,772,0.00,39742,5125,0,12296
748,Medical Mutual of Ohio,3515,0.00,78,0.22,2646,0,81,2834
749,Granite Construction,3502,0.02,10,0.00,2495,1505,86,2600
750,Valmont Industries,3502,0.21,196,0.39,3447,5083,16,11041
751,Sprague Resources,3498,0.50,69,3.04,1418,434,135,757
752,Primoris Services,3498,0.00,116,0.10,2543,1270,79,10810
753,Cboe Global Markets,3495,0.02,529,0.13,6815,12148,74,1196
754,Carter's,3486,0.15,340,2.10,3202,3763,9,15900
755,TopBuild,3486,0.28,324,0.31,4259,5987,40,13006
756,SiteOne Landscape Supply,3476,0.29,238,0.97,2116,7256,46,5475
757,Texas Roadhouse,3464,0.44,245,6.85,2512,5788,103,73300
758,Akamai Technologies,3461,0.08,652,0.17,8139,19210,47,8700
759,Acuity Brands,3461,0.04,306,0.23,3575,6629,63,13000
759,Brown0Forman,3461,0.03,903,0.09,6522,31377,70,4700
761,Navient,3454,0.07,717,0.74,80605,2592,117,5263
762,Coterra Energy,3449,1.35,1158,4.78,19900,21872,0,936
763,Option Care Health,3439,0.13,140,0.00,2791,5139,19,6334
764,Floor & Decor Holdings,3434,0.42,283,0.45,3731,8574,92,9276
765,Public Storage,3416,0.17,1953,0.44,17381,68438,3,5800
766,Cabot,3409,0.30,250,0.00,3306,3871,47,4500
767,Crane Holdings,3408,0.16,435,1.41,4487,6159,10,11000
768,Atmos Energy,3408,0.21,666,0.11,19609,16183,10,4684
769,Selective Insurance Group,3379,0.16,404,0.64,10461,5392,8,2440
770,Take0Two Interactive Software,3373,0.09,589,0.46,6028,17744,40,6495
771,Boyd Gaming,3370,0.55,464,0.00,6224,7234,145,15114
772,Plexus,3369,0.01,139,0.18,2462,2299,87,19200
773,ScanSource,3364,0.07,11,0.00,1672,891,118,2200
774,Franchise Group,3363,0.56,364,13.51,3913,1670,150,11895
775,NLV Financial,3351,0.30,392,1.03,41942,0,48,1157
776,CrossAmerica Partners,3351,0.87,22,0.80,1270,827,0,2218
777,Mr. Cooper Group,3344,0.22,1454,3.77,14204,3369,15,8200
778,Fortinet,3342,0.29,607,0.24,5919,54957,38,10195
779,Brinker International,3338,0.08,132,4.39,2275,1702,43,59491
780,Albemarle,3328,0.06,124,0.67,10974,25899,57,6000
781,Peabody Energy,3318,0.15,360,0.00,4950,3392,9,4900
782,Light & Wonder,3310,0.22,371,0.00,7883,5680,12,5600
783,Evercore,3307,0.45,740,1.11,3803,4275,116,1940
784,Stewart Information Services,3306,0.45,323,1.09,2813,1635,114,7300
785,Central Garden & Pet,3304,0.23,152,0.26,3117,2287,19,6750
786,GMS,3299,0.02,106,3.52,2484,2142,83,5843
787,H.B. Fuller,3278,0.18,161,0.31,4275,3505,1,6500
788,Middleby,3251,0.29,489,1.36,6384,8961,49,10624
789,Renewable Energy Group,3244,0.52,214,0.74,2559,3056,139,1196
790,MSC Industrial Direct,3243,0.02,217,0.14,2462,4758,78,6472
791,Vishay Intertechnology,3241,0.30,298,1.42,3543,2840,49,22800
792,Applied Industrial Technologies,3236,0.00,145,5.02,2272,3948,91,5947
793,Lincoln Electric Holdings,3234,0.22,277,0.34,2592,8079,16,11000
794,First Horizon,3234,0.05,999,0.18,89092,12543,108,7676
795,Spirit Airlines,3231,0.79,473,0.00,8540,2375,0,9823
796,AptarGroup,3227,0.10,244,0.14,4141,7703,37,13000
797,Citrix Systems,3217,0.01,308,0.39,6976,12705,90,9700
798,IDEXX Laboratories,3215,0.19,745,0.28,2437,46089,2,10350
799,Tetra Tech,3214,0.07,233,0.34,2577,8907,51,21000
800,Lyft,3208,0.36,1009,0.00,4774,13385,75,4453
801,Gannett,3208,0.06,135,0.00,2828,644,118,16300
802,ResMed,3197,0.08,475,0.24,4728,35463,51,7970
803,Designer Brands,3197,0.43,155,0.00,2015,991,104,13500
804,Graham Holdings,3186,0.10,352,0.17,7426,3001,36,15048
805,Vroom,3184,1.35,371,0.00,2367,365,0,1807
806,Worthington Industries,3171,0.04,724,8.19,3373,2538,68,9000
807,Calumet Specialty Products Partners,3148,0.39,260,0.00,2128,1071,96,1450
808,Xilinx,3148,0.01,647,0.18,5519,0,92,4890
809,TransUnion,3145,0.16,1387,3.04,12635,19883,13,10200
810,Travel + Leisure,3134,0.45,308,0.00,6588,4966,112,16800
811,Callaway Golf,3133,0.97,322,0.00,7748,4337,0,24800
812,Dycom Industries,3131,0.02,49,0.42,2118,2821,102,15024
813,Columbia Sportswear,3126,0.25,354,2.28,3067,5840,28,8325
814,II0VI,3106,0.31,298,0.00,6513,7708,54,22961
815,Change Healthcare,3090,14.70,112,0.00,10113,6799,0,15000
816,Grocery Outlet Holding,3080,0.02,62,0.42,2670,3148,94,875
817,AMC Networks,3078,0.09,251,0.04,5749,1722,38,1883
818,Hyster0Yale Materials Handling,3076,0.09,173,5.66,1970,561,36,8100
819,ChampionX,3075,0.62,113,0.00,3535,4977,167,7000
820,Comfort Systems USA,3074,0.08,143,0.05,2209,3201,44,13200
821,EQT,3065,0.00,1156,0.00,21607,12955,82,693
822,Brown & Brown,3051,0.17,587,0.22,9795,20396,8,12023
823,LGI Homes,3050,0.29,430,0.33,2352,2322,50,952
824,Hyatt Hotels,3028,0.47,222,0.00,12603,10498,122,44000
825,Comerica,3024,0.02,1168,1.46,94616,11854,96,7442
826,Energizer Holdings,3022,0.06,161,0.00,5008,2192,51,6000
827,Hill0Rom Holdings,3019,0.05,249,0.11,4999,0,54,10000
828,Rackspace Technology,3010,0.11,218,0.00,6329,2366,29,6600
829,Verisk Analytics,2999,0.08,666,0.07,7808,34616,41,9367
830,Spectrum Brands Holdings,2998,0.24,190,0.94,5340,3618,209,12100
831,Euronet Worldwide,2995,0.21,71,0.00,4744,6658,16,8800
832,TEGNA,2991,0.02,477,0.01,6918,4963,76,6200
833,Vontier,2991,0.11,413,0.21,4350,4088,32,8500
834,Cadence Design Systems,2988,0.11,696,0.18,4386,45782,29,9298
835,Incyte,2986,0.12,949,0.00,4933,17578,28,2094
836,Match Group,2983,0.25,278,1.16,5063,31007,28,2520
837,Valvoline,2981,0.27,420,0.33,3191,5661,43,9800
838,EnerSys,2978,0.04,143,0.05,3463,3076,107,11400
839,Avaya Holdings,2973,0.04,13,0.00,5985,1076,65,8063
840,UWM Holdings,2970,0.40,98,0.97,22528,7224,311,8000
841,Zions Bancorp.,2970,0.01,1129,1.10,93200,9958,87,9685
842,Quad/Graphics,2960,0.02,38,0.00,1890,389,96,15100
843,MKS Instruments,2950,0.27,551,0.58,4540,8328,45,6200
844,Arista Networks,2948,0.27,841,0.33,5734,42773,45,2993
845,Interactive Brokers Group,2938,0.19,308,0.58,109113,27962,3,2571
846,Range Resources,2930,0.49,412,0.00,6661,7964,120,527
847,Atkore,2928,0.66,588,2.86,2210,4416,0,3700
848,Cheesecake Factory,2928,0.48,72,0.00,2798,2099,111,45800
849,First Solar,2923,0.08,469,0.18,7414,8904,51,4800
850,Bio0Rad Laboratories,2923,0.15,4246,0.12,17776,16982,21,7900
851,Cooper Cos.,2923,0.20,2945,11.35,9606,20588,2,12000
852,Envista Holdings,2922,0.28,341,9.23,6574,7883,48,11200
853,Alight,2915,0.07,60,0.00,10988,5542,0,16000
854,Newmark Group,2906,0.53,751,8.38,5216,3010,129,6169
855,PC Connection,2893,0.12,70,0.25,1083,1376,38,2542
856,Host Hotels & Resorts,2890,0.78,11,0.00,12352,13876,0,160
857,Boston Properties,2889,0.04,505,0.42,22365,20180,67,743
858,Western Midstream Partners,2877,0.04,916,0.74,11273,10177,69,1127
859,Magellan Midstream Partners,2870,0.18,982,0.20,8030,10422,4,1715
860,Hillenbrand,2865,0.14,250,0.00,4015,3216,24,10500
861,Donaldson,2854,0.11,287,0.12,2400,6416,40,13100
862,Moog,2852,0.01,157,16.08,3433,2815,91,14000
863,Hawaiian Electric Industries,2850,0.11,246,0.24,15823,4630,41,3623
864,Five Below,2848,0.45,279,1.26,2881,8825,105,13150
865,Twilio,2842,0.61,950,0.00,12999,29917,0,7867
866,Univision Communciations,2841,0.12,134,0.00,14055,0,36,0
867,Annaly Capital Management,2836,11.89,2390,0.00,76764,10281,0,171
868,Fleetcor Technologies,2834,0.19,840,0.19,13405,19398,3,9700
869,West Pharmaceutical Services,2832,0.32,662,0.91,3314,30508,56,10065
870,Green Plains,2827,0.47,66,0.00,2160,1663,107,859
871,Cracker Barrel Old Country Store,2821,0.12,255,0.00,2392,2758,38,70000
872,Virtu Financial,2812,0.13,477,0.27,10320,6622,168,973
873,Teleflex,2810,0.11,485,0.45,6872,16642,41,14000
874,Zynga,2801,0.42,104,0.00,6359,10464,89,2952
875,ATI,2800,0.06,38,0.00,4285,3351,126,6300
876,AppLovin,2793,0.93,35,0.00,6164,20697,0,1594
877,Waters,2786,0.18,693,0.33,3095,18783,3,7800
878,Mutual of America Life Insurance,2785,0.84,51,0.00,28325,0,0,1146
879,Hovnanian Enterprises,2783,0.19,608,10.94,2321,372,6,1784
880,Amica Mutual Insurance,2778,0.02,117,0.36,6937,0,87,3510
881,Caleres,2778,0.31,137,0.00,1844,728,54,7200
882,FTI Consulting,2776,0.13,235,0.12,3101,5400,30,6780
883,Overstock.com,2774,0.09,389,5.95,1066,1898,56,1350
884,Visteon,2773,0.09,41,0.00,2234,3056,56,10000
885,G0III Apparel Group,2767,0.35,201,7.52,2743,1296,64,3250
886,ITT,2765,0.12,316,3.36,3565,6415,37,9900
887,IDEX,2765,0.18,449,0.19,4917,14592,6,7536
888,Popular,2765,0.06,935,0.85,75098,6252,73,8351
889,Roku,2765,0.56,242,0.00,4082,16949,0,3000
890,Schnitzer Steel Industries,2759,0.61,165,0.00,1494,1445,0,3167
891,Brookdale Senior Living,2758,0.22,99,2.21,6411,1308,226,28545
892,Werner Enterprises,2734,0.15,259,0.53,2604,2698,21,13525
893,Americold Realty Trust,2715,0.37,31,2.24,8216,7490,64,16275
894,SkyWest,2714,0.28,112,0.00,7126,1458,36,15205
895,Primerica,2710,0.22,373,0.03,16123,5327,14,3170
896,McAfee,2701,0.07,849,0.00,3422,0,132,2262
897,Nu Skin Enterprises,2696,0.04,147,0.23,1907,2386,77,19600
898,Copart,2693,0.22,937,0.34,4562,29799,12,8600
899,PROG Holdings,2678,0.08,244,0.00,1622,1587,53,2023
900,Splunk,2674,0.20,1339,0.00,5791,23882,8,7000
901,MRC Global,2666,0.04,14,0.00,1671,995,75,2600
902,Stericycle,2647,0.01,28,0.00,5473,5416,96,15465
903,Maxim Integrated Products,2633,0.20,827,0.26,4523,0,9,7100
904,Ensign Group,2628,0.09,195,0.14,2851,4958,45,25900
905,SM Energy,2623,1.33,36,0.00,5234,4747,0,506
906,Kaiser Aluminum,2622,1.24,19,1.64,2422,1494,0,3957
907,Federated Mutual Insurance,2612,0.14,320,0.62,10537,0,10,2702
908,F5,2603,0.11,331,0.08,4997,12691,26,6429
909,Steelcase,2596,0.30,26,0.87,2354,1340,264,11400
910,Encore Wire,2593,1.03,541,6.12,1531,2250,0,1440
911,Guess,2592,0.38,171,0.00,2556,1306,79,12500
912,Playtika Holding,2583,0.09,309,2.35,2803,7966,40,4000
913,Pinterest,2578,0.52,316,0.00,3537,16197,0,3225
914,WeWork,2570,0.25,4439,0.00,21756,4937,0,4400
915,ManTech International,2554,0.01,137,0.14,2640,3518,80,9800
916,BrightView Holdings,2554,0.09,46,0.00,3238,1352,32,20150
917,NortonLifeLock,2552,0.34,554,0.86,6361,15442,286,2800
918,Deckers Outdoor,2546,0.19,383,0.39,2168,7458,11,3400
919,Griffon,2542,0.06,79,0.48,2605,1128,61,6700
920,AMC Entertainment Holdings,2528,1.04,1269,0.00,10822,12733,0,17122
921,Curtiss0Wright,2506,0.05,267,0.33,4104,5771,58,7800
922,MYR Group,2498,0.11,85,0.45,1121,1595,16,7600
923,Kontoor Brands,2476,0.00,195,0.00,1533,2325,0,14000
924,Liberty Energy,2471,1.56,179,0.00,2041,2758,0,3601
925,Knights of Columbus,2468,0.05,130,0.37,28838,0,47,749
926,AdaptHealth,2465,1.33,156,0.00,5251,2147,0,10700
927,MillerKnoll,2465,0.01,173,0.00,2062,2618,84,7600
928,Equity Residential,2464,0.04,1333,0.46,21169,33803,104,2400
929,DexCom,2449,0.27,155,0.69,4864,49825,47,6650
930,Rollins,2424,0.12,351,0.35,1981,17261,9,16482
931,Genesco,2422,0.36,115,0.00,1562,869,0,11700
932,Bruker,2418,0.22,277,0.76,3650,9695,26,7765
933,Joann,2418,0.13,57,0.73,2362,463,142,13530
934,Wolverine World Wide,2415,0.35,69,0.00,2586,1836,0,4400
935,Gray Television,2413,0.01,90,0.78,11108,2093,68,8801
936,Affiliated Managers Group,2412,0.19,566,1.80,8876,5607,15,4050
937,Summit Materials,2410,0.03,152,0.10,4239,3688,50,5500
938,SLM,2409,0.02,1161,0.32,29222,5130,59,1450
939,Belden,2408,0.22,64,0.00,3418,2493,25,7400
940,Allison Transmission Holdings,2402,0.15,442,0.48,4457,3811,3,3400
941,Element Solutions,2400,0.30,203,1.69,5138,5435,0,5300
942,Portland General Electric,2396,0.12,244,0.57,9494,4940,16,2839
943,REV Group,2381,0.05,44,0.00,1238,843,41,6800
944,Acadia Healthcare,2377,0.26,191,0.00,4768,5891,235,19200
945,Alexandria Real Estate Equities,2374,0.03,571,0.26,30219,32189,55,559
946,Nordson,2362,0.11,454,0.82,3791,13157,12,6813
947,NewMarket,2356,0.17,191,0.29,2558,3347,7,2104
948,Ohio National Mutual,2347,0.08,85,"1,774.96",40795,0,34,1082
949,Stepan,2346,0.26,138,0.09,2066,2216,43,2439
950,Valhi,2335,0.24,127,1.30,3005,829,39,2847
951,Hilton Grand Vacations,2335,1.61,176,0.00,8008,6248,0,13000
952,Cooper0Standard Holdings,2330,0.02,323,0.00,2227,149,82,21300
953,Etsy,2329,0.35,494,0.41,3832,15788,0,2402
954,Crocs,2313,0.67,726,1.32,1545,4676,0,5770
955,Olympic Steel,2312,0.87,121,0.00,1024,428,0,1642
956,Signature Bank,2311,0.15,918,0.74,118445,18417,0,1854
957,SBA Communications,2309,0.11,238,8.86,9802,37169,15,1596
958,Murphy Oil,2300,0.17,74,0.00,10305,6275,7,696
959,Entegris,2299,0.24,409,0.39,3192,17831,38,6850
960,AvalonBay Communities,2295,0.00,1004,0.21,19902,34710,64,2883
961,Saia,2289,0.26,253,0.83,1845,6438,0,11600
962,E.W. Scripps,2284,0.19,123,0.54,6658,1718,17,5600
963,TTEC Holdings,2273,0.17,141,0.19,1997,3878,11,65000
964,Sun Communities,2273,0.63,380,1.89,13494,20373,0,5455
965,Alpha Metallurgical Resources,2259,0.37,289,0.00,1858,2448,0,3500
966,GEO Group,2257,0.04,77,0.32,4537,810,83,15800
967,Viasat,2256,0.02,4,0.00,5350,3630,75,5800
968,Benchmark Electronics,2255,0.10,36,1.55,1904,881,18,10900
969,Kar Auction Services,2252,0.03,67,132.00,7417,2187,56,8928
970,TTM Technologies,2249,0.00,54,0.69,3026,1506,65,16100
971,Kirby,2247,0.04,247,0.00,5399,4346,51,5125
972,Woodward,2246,0.10,209,0.13,4091,7882,130,7200
973,Clear Channel Outdoor Holdings,2241,0.21,434,0.00,5299,1631,27,4600
974,Spire,2236,0.21,272,2.07,9356,3714,25,3710
975,Vista Outdoor,2226,0.27,266,0.00,1765,2008,0,5900
976,Surgery Partners,2225,0.20,71,0.00,6118,4919,20,9600
977,LHC Group,2220,0.08,116,0.04,2896,5230,30,23000
978,Amedisys,2214,0.07,209,0.14,1857,5604,39,21000
979,Century Aluminum,2213,0.38,167,0.00,1570,2400,0,2512
980,Arch Resources,2208,0.51,338,0.00,2117,2126,0,3303
981,Aerojet Rocketdyne Holdings,2188,0.06,144,0.04,2434,3169,36,5000
982,Sleep Number,2185,0.18,154,0.11,920,1124,16,5388
983,HNI,2184,0.12,60,0.43,1498,1569,12,8000
984,Pure Storage,2181,0.30,143,0.00,3135,10238,0,4200
985,TrueBlue,2174,0.18,62,0.00,1033,996,0,6400
986,Party City Holdco,2171,0.17,7,0.00,2712,403,0,11450
987,Dun & Bradstreet Holdings,2166,0.25,72,0.00,9997,7554,0,6296
988,Dropbox,2158,0.13,336,0.00,3091,8874,8,2667
989,New Jersey Resources,2157,0.10,118,0.39,5722,4405,17,1251
990,Acushnet Holdings,2148,0.33,179,0.86,2006,2914,0,6500
991,Harsco,2147,0.15,3,0.00,3054,970,0,12000
992,Beazer Homes USA,2140,0.01,122,1.34,2079,479,61,1052
993,Chemed,2139,0.03,269,0.16,1343,7593,49,14137
994,Genesis Energy,2126,0.17,165,0.00,5906,1435,0,1898
995,BWX Technologies,2124,0.00,306,0.10,2501,4926,63,6600
996,Vizio Holding,2124,0.04,39,1.38,936,1705,0,800
997,108000Flowers.com,2122,0.43,119,1.01,1077,830,0,4800
998,Cowen,2113,0.30,296,0.37,8749,744,0,1534
999,Ashland Global Holdings,2111,0.11,220,0.00,6612,5602,130,4100
"1,000",DocuSign,2107,0.45,70,0.00,2541,21303,0,7461